eid,ename,city
15,Aleshia,St. Stephens Ward
16,Evan,Abbey Ward
17,France,East Southbourne and Tuckton W
18,Ulysses,Hawerby cum Beesby
19,Tyisha,Greets Green and Lyng Ward
20,Eric,Desborough
21,Marg,Bargate Ward
22,Laquita,Chirton Ward
23,Lura,Staple Hill Ward
24,Yuette,Parwich
25,Fernanda,Wilmington
26,Charlesetta,Loundsley Green Ward
27,Corrinne,Dee Ward
28,Niesha,"Broxburn, Uphall and Winchburg"
29,Rueben,Weston-Super-Mare
30,Michell,Carbrooke
31,Edgar,New Milton
32,Dewitt,Parkham
33,Charisse,Darnall Ward
34,Mee,Marldon
35,Peter,Prestatyn Community
36,Octavio,Lye and Stourbridge North Ward
37,Martha,Warlingham
38,Tamesha,Newport
39,Tess,Chichester
40,Leonard,Steornabhagh a Deas Ward
41,Svetlana,South Ward
42,Pok,Newquay
43,Augustine,Brimpton
44,Karma,Shard End Ward
45,Reed,Letchworth South West Ward
46,German,Longhill Ward
47,Milly,Franche Ward
48,Luis,Whittington
49,Ciara,Cockerton West Ward
50,Alethea,Castle Ward
51,Margurite,Devizes
52,Vernice,Colnbrook with Poyle
53,Vicente,Aldridge Central and South War
54,Craig,East Putney Ward
55,Jenise,Sawston
56,Marylin,Wakefield North Ward
57,Marget,St. Enoder
58,Annett,Ryde
59,Kip,Laindon Park Ward
60,Melina,Lymington and Pennington
61,Tina,Aylesbury
62,Luisa,Burmantofts and Richmond Hill 
63,Pedro,Howard Town Ward
64,Carrol,Farnham
65,Alba,Beeston West Ward
66,Domonique,Wollaton West Ward
67,Rory,Llangeler Community
68,Dustin,Brockley Ward
69,Lyndia,Meads Ward
70,Jules,"Broxburn, Uphall and Winchburg"
71,Dong,St. Ive
72,Justine,Shard End Ward
73,Chantay,Norton Canes
74,Tequila,Bulwell Ward
75,Maybelle,Treorchy Community
76,Margarett,Maybury and Sheerwater Ward
77,Janessa,Westgate Ward
78,Sol,Conisbrough and Denaby Ward
79,Louann,Newbold and Brownsover Ward
80,Lindsay,Middlewich
81,Malika,St. Marys Ward
82,Stefany,Gresham Ward
83,Abraham,Aldborough Ward
84,Giuseppe,Royal Hospital Ward
85,Kiera,Woodstock Ward
86,Wendell,Dunblane and Bridge of Allan W
87,Stevie,Kempshott Ward
88,Yun,City and Hunslet Ward
89,Brittani,Ruckinge
90,Billy,Abbey Road Ward
91,Brynn,Prittlewell Ward
92,Elroy,Kirkby Stephen
93,Anisha,Eaton Park Ward
94,Bettina,Bishop Auckland
95,Velda,Falmouth
96,Marta,Malmesbury
97,Juan,West End Ward
98,Lelia,Town Ward
99,Una,Crompton Ward
100,Eva,Stroud
101,Mammie,Overton Ward
102,Jeannetta,Midway Ward
103,Elbert,Washington East Ward
104,Lenny,Walkergate Ward
105,Mira,Stratfield Mortimer
106,Cathern,Selston
107,Malcom,Govan Ward
108,Monroe,Millwall Ward
109,Leota,Sefton
110,Berry,Lancing
111,Meghan,St. Gluvias
112,Mike,Hilton
113,Elsa,Brooklands Ward
114,Linwood,Eccleston Ward
115,Latosha,St. Georges Hill Ward
116,Alexia,Launcells
117,Graham,Renfrew South & Gallowhill War
118,Elinore,Astley Bridge Ward
119,Lisbeth,Shiney Row Ward
120,Eloisa,Bintree
121,Shawana,Woodhall Farm Ward
122,Alyssa,Stanhope
123,Kyoko,North Tawton
124,Terry,Catterick
125,Sena,Kilmersdon
126,Cristen,Central Ward
127,Lashawn,Filwood Ward
128,Wade,Central Buchan Ward
129,Whitney,Smallbridge and Firgrove Ward
130,Deja,Lavenham
131,Earnestine,Saffron Walden
132,Frankie,Cilybebyll Community
133,Paola,Birchington
134,Rodrigo,Forth Ward
135,Luther,Belvedere Ward
136,Casey,Acton Central Ward
137,Ressie,Walton Ward
138,Sean,Caversham Ward
139,Celestina,Abingdon on Thames
140,Maira,Northgate Ward
141,Beth,Tynemouth Ward
142,Wei,Eccleshall
143,Melissia,Linlithgow Ward
144,Letha,Layton Ward
145,Isaac,Blackheath Westcombe Ward
146,Kristine,Moulsham and Central Ward
147,Odette,Great Dunmow
148,Hobert,Gweek
149,Isadora,Stretford Ward
150,Emily,Orsett Ward
151,Desire,Hatton
152,Rosalind,Barrowford
153,Vernell,Bellingham
154,Micheline,George St
155,Nathan,South Jesmond Ward
156,Allene,Barlow
157,Julie,St. Johns Ward
158,Francisca,Bodmin
159,Marisha,Knightsbridge and Belgravia Wa
160,Telma,Elgin City South Ward
161,Luke,Halstead
162,Hubert,Fawley
163,Janella,Hartshill
164,Angelo,Kensington and Fairfield Ward
165,Tran,West Bromwich Central Ward
166,Reynalda,Rowley Ward
167,Salley,Sutton Trinity Ward
168,Cheryll,Shepway South Ward
169,Crista,Everton Ward
170,Lino,Heaton Ward
171,Galen,Gillingham North Ward
172,Gilbert,Bangor Community
173,Whitney,Butterwick
174,Socorro,Deepdale Ward
175,Mauricio,Walney North Ward
176,Phillip,Scarcroft
177,Gilberto,Penryn
178,Thad,Tenterden
179,Bambi,Haverstock Ward
180,Marshall,Kilpatrick Ward
181,Chery,Astley Mosley Common Ward
182,Eileen,St. Peters Ward
183,Melita,Cyfarthfa Community
184,Ashley,Baguley Ward
185,Laila,Crawcrook and Greenside Ward
186,Bobbie,Southey Ward
187,Dana,Trossachs and Teith Ward
188,Freida,Chapel-en-le-Frith
189,Val,Kings Norton Ward
190,Horace,Mid and Upper Nithsdale Ward
191,Joana,Amersham
192,Tiara,North Heywood Ward
193,Dacia,Little Hereford
194,Myong,Canning Town North Ward
195,Gene,Springfield Ward
196,Kanisha,Bontnewydd Community
197,Ayesha,Sheviock
198,Lanie,Peterlee
199,Jaleesa,Shrub End Ward
200,Tamekia,Twickenham Riverside Ward
201,Ula,Coleshill
202,Rosendo,Crystal Palace Ward
203,Timmy,Bowes
204,Zita,Halliwell Ward
205,Aleisha,Wareham St. Martin
206,Naomi,Finedon
207,Aretha,Caerphilly Community
208,Mila,Old Newton with Dagworth
209,Orville,Crowle and Ealand
210,Gabriele,Milton Regis Ward
211,Kara,St. Michaels and Wicksteed War
212,Kenny,Howe of Fife and Tay Coast War
213,Vashti,Shipston on Stour
214,Jordan,Strood South Ward
215,Carisa,Newton-with-Clifton
216,Audrie,Llanelli Rural Community
217,Shaunna,Newington Ward
218,Coleen,Much Wenlock
219,Katie,Churchdown
220,Dannie,Werrington South Ward
221,Ashanti,Hollington Ward
222,Madalyn,Northfleet South Ward
223,Santos,Steyning
224,Alyce,Holbrook Ward
225,Pearly,Woodhouse Ward
226,Cherrie,Keighley
227,Maia,Deal
228,Edwin,Heanor and Loscoe
229,Leigha,North Horsham
230,Walker,Hickling
231,Nakita,Edmonton Green Ward
232,Kattie,Westbury
233,Lamar,Harefield Ward
234,Juliana,Moulsecoomb and Bevendean Ward
235,Chan,Horfield Ward
236,Delpha,Cleator Moor
237,Floyd,Penmaenmawr Community
238,Chantell,Parsons Green and Walham Ward
239,Martin,Cressington Ward
240,Hyun,Uckfield
241,Nada,Acton Trussell and Bednall
242,Elizabeth,Denwick
243,Dominic,Beaminster
244,Alise,Hereford
245,Flo,Loughborough Ashby Ward
246,Bonita,Wimbledon Park Ward
247,Royal,Hyde Werneth Ward
248,Erasmo,Darton West Ward
249,Mari,Rock
250,Eleonora,Soho Ward
251,Therese,Oakridge and Castlefield Ward
252,Rodolfo,Irvine East Ward
253,Cruz,Springfields and Trent Vale Wa
254,Arlyne,Fawley
255,Edward,Ise Lodge Ward
256,Christoper,Tatsfield
257,Melda,Kings Hill
258,Margot,Childs Hill Ward
259,Gerald,Little Ness
260,Tomoko,Goldsmid Ward
261,Mendy,Cherryfield Ward
262,Daryl,Wakefield East Ward
263,Ty,Nith Ward
264,King,Meads Ward
265,Isidra,Holywell Community
266,Tonja,Lamport
267,Shaquana,Chadderton Central Ward
268,Gilberto,Penge and Cator Ward
269,Rex,Warminster
270,Adolph,Redhill Ward
271,Queen,East Kilbride West Ward
272,Rebbecca,Tiffield
273,Ardella,Londesborough
274,Dallas,Whitchurch Urban
275,Vivan,Northgate Ward
276,Han,Ponteland
277,Emilio,Appleton Wiske
278,Latia,Barnham
279,Lilli,Deepdale Ward
280,Maryanne,Stutton with Hazlewood
281,Eliz,Holyrood Ward
282,Laura,East Sheen Ward
283,Leanora,Byker Ward
284,Sherell,Llangristiolus Community
285,Charlie,"Neilston, Uplawmoor and Newton"
286,Veronique,Central Buchan Ward
287,Antonio,Little Parndon and Hare Street
288,Louvenia,Read
289,Roxanne,Blantyre Ward
290,Eve,Kirk Hammerton
291,Kenda,Custom House Ward
292,Elden,Nonington
293,Kami,Foleshill Ward
294,Selene,West Wickham Ward
295,Deangelo,Woodham Ward
296,Olen,Wombourne
297,Lanie,Trowbridge
298,Lynna,St. Andrews Ward
299,Jody,Pinhoe Ward
300,Antonio,Gaer Community
301,Merilyn,Headley
302,Elliott,St. Margarets with St. Nichola
303,Leonie,Dunbar and East Linton Ward
304,Eulah,Bunhill Ward
305,Marsha,Chorlton Park Ward
306,Mignon,Edgeley and Cheadle Heath Ward
307,Tu,Cotham Ward
308,Adelle,Greenlands Ward
309,Douglass,Boothen and Oak Hill Ward
310,Evette,Stoneygate Ward
311,Geraldo,City and Hunslet Ward
312,Clarinda,Trelawnyd and Gwaenysgor Commu
313,Reuben,Cobham and Downside Ward
314,Yen,Leighton-Linslade
315,Tanja,Hetton
316,Jerlene,Hodge Hill Ward
317,Almeta,Loundsley Green Ward
318,Wilda,Little Clacton
319,Remedios,Aldbrough
320,Margret,Coatbridge South Ward
321,Denny,Redlands Ward
322,Carolynn,St. Helier Ward
323,Amina,Victoria Ward
324,Janna,Wheatley Ward
325,Emiko,Windlesham
326,In,Saint Annes on the Sea
327,Eleni,Sutton Vesey Ward
328,Kandis,Reydon
329,Kina,Ruddington
330,Jacki,Kingston Bagpuize with Southmo
331,Fallon,Manor Castle Ward
332,Precious,Shenley
333,Glory,Pontefract North Ward
334,Tamesha,Bellshill Ward
335,Brande,Rhoose Community
336,Olene,Grovehill Ward
337,Carey,Sharston Ward
338,Launa,Trossachs and Teith Ward
339,Dominga,Lobley Hill and Bensham Ward
340,Dwight,Tibberton
341,Cornell,Stretton
342,Alverta,Addlestone Bourneside Ward
343,Felicia,Chester-le-Street North and Ea
344,Carmen,Orford Ward
345,Ashlee,Brympton
346,Vannessa,Ashford Common Ward
347,Patti,Hove Park Ward
348,German,Clayton-le-Moors Ward
349,Anika,Harrow Weald Ward
350,Cristina,Temple Newsam Ward
351,Lemuel,Great Barr with Yew Tree Ward
352,Joaquin,Barnfield Ward
353,Kerrie,Calstock
354,Alaine,Little Missenden
355,Shannon,Tonge with the Haulgh Ward
356,Corinne,Berkhamsted
357,Heidy,Prestbury
358,Marylyn,East Finchley Ward
359,Maryln,Lancaster Gate Ward
360,Pearlie,Iwade
361,Nina,Calton Ward
362,Vivienne,Wilsden
363,Jacob,Llwyn-y-Pia Community
364,Tula,Clackmannanshire South Ward
365,Berry,Corporation Park Ward
366,Kaycee,Cirencester
367,Melvin,Franche Ward
368,Brianne,Mossend and Holytown Ward
369,Eugene,Heath Town Ward
370,Margery,Long Preston
371,Noel,Seaham
372,Beula,St. Austell
373,Sheridan,Aveton Gifford
374,Dino,Trotton with Chithurst
375,Rebbeca,Speke-Garston Ward
376,Celia,Leatherhead South Ward
377,Stefania,Kirkintilloch East and Twechar
378,Leah,Loughborough Hastings Ward
379,Billy,Alphington Ward
380,Doug,Woodford cum Membris
381,Veronica,Temple Newsam Ward
382,Laquanda,Billesley Ward
383,Mohammad,Milton Ward
384,Mozell,Mossley
385,Bronwyn,Dingwall and Seaforth Ward
386,Jeff,Central Ward
387,Shantay,Broomhill Ward
388,Chantay,Frimley Green Ward
389,Keneth,Littleborough Lakeside Ward
390,Alton,Girvan and South Carrick Ward
391,Patrick,Leigh-on-Sea
392,Theron,Wonersh
393,Pilar,Chichester
394,Lashunda,Stainburn
395,Verda,Earlestown Ward
396,Ashley,Blyth
397,Vesta,Upper Rawcliffe-with-Tarnacre
398,Emogene,Northwood Ward
399,Shayne,Shrewsbury
400,Franchesca,Empress Ward
401,Elmira,Halliwell Ward
402,Destiny,Hartburn Ward
403,Gaston,West Garioch Ward
404,Ronna,Roundway
405,Angelica,Castleford Central and Glassho
406,Casie,Melton Dorian Ward
407,Magdalene,Patching Hall Ward
408,Erasmo,Sunningdale
409,Rosalia,Castle Ward
410,Lyda,Leek
411,Lisandra,Churchill Ward
412,Sabina,Aspley Ward
413,Elenore,Callington
414,Brynn,Ravenshead
415,Leeann,Church Langley Ward
416,Janet,Midlothian West Ward
417,Lewis,Central Ward
418,Jestine,Grangemouth Ward
419,Tatum,Rhos-on-Sea Community
420,Kayleigh,Kingswells
421,Lili,Blyth
422,Sunshine,Warwick
423,Remona,Inverclyde South Ward
424,Gail,Hamilton South Ward
425,Dong,Kinross-shire Ward
426,Larue,Daybrook Ward
427,Goldie,Ravensthorpe Ward
428,Shelia,Silloth-on-Solway
429,Narcisa,Milton
430,Evelynn,Seaham
431,Arlean,Llantrisant Community
432,Tamra,Lansdown Ward
433,Dusti,Victoria Ward
434,Aracelis,Fowlmere
435,Filiberto,Audley Ward
436,Leana,Warham
437,Man,Mildmay Ward
438,Lennie,Radcliffe West Ward
439,Arletta,City and Hunslet Ward
440,Chana,Murdostoun Ward
441,Nell,Eastbrook Ward
442,Antonio,Ipplepen
443,Gerald,Stowting
444,Sueann,Werrington
445,Alayna,Banchory and Mid Deeside Ward
446,Talia,Westbury
447,Pansy,Madeley
448,Royce,Kincorth
449,Cherelle,Benwell and Scotswood Ward
450,Dudley,Woodhouse Ward
451,Nettie,Wheatley Ward
452,Carline,Rothwell Ward
453,Shanda,Markhouse Ward
454,Emilio,Stokenham
455,Lovetta,High Barnet Ward
456,Felice,Hexham
457,Stefania,Shorne
458,Margarita,Stannington Ward
459,Paul,Town Ward
460,Anglea,Astley Bridge Ward
461,Ona,Market Rasen
462,Germaine,Tadworth and Walton Ward
463,Vicky,Moreton Morrell
464,Carolann,Wombourne
465,Rusty,Launceston
466,Cassandra,Henllan Community
467,Teresita,Springfield Ward
468,Evangelina,Glastonbury
469,Marlon,West End Ward
470,Quiana,Thorpe Hamlet Ward
471,Viki,Yalding
472,Domitila,Moordown Ward
473,Ivan,Over Kellet
474,Anabel,Staina Ward
475,Carlton,Portobello
476,Rashida,Brixham
477,Sherron,Windle Ward
478,Cora,Newmarket
479,Altha,Rainham South Ward
480,Dortha,Gwersyllt Community
481,Diego,Walcot Ward
482,Peggy,Longford Ward
483,Walton,Yealmpton
484,Vallie,Shiphay-with-the-Willows Ward
485,Tony,Southam
486,Val,Almond Ward
487,Mel,Hylands Ward
488,Isabella,Dormers Wells Ward
489,Erasmo,Mortehoe
490,Ivory,Parr Ward
491,Nikita,Hucknall North Ward
492,Aleta,Kilbirnie and Beith Ward
493,Owen,Liscard Ward
494,Pauline,Seven Sisters Ward
495,Tijuana,Fareham South Ward
496,Ahmad,Sutton cum Duckmanton
497,Jamika,Whitley Ward
498,Derrick,Everton Ward
499,Jacquelyne,Shirley Ward
500,Zachary,Holbrook
501,Sophia,North East Ward
502,Isabelle,Plymstock Dunstone Ward
503,Ronnie,Batchwood Ward
504,Krystina,Salvington Ward
505,Rosita,Hailsham
506,Huey,Park Ward
507,Elbert,Ballochmyle Ward
508,Pura,Priory Heath Ward
509,Alesia,Farnworth Ward
510,Avery,Knightsbridge and Belgravia Wa
511,Reid,Inverness Ness-Side Ward
512,Charlette,Darton West Ward
513,Celestina,Consett North ED
514,Mi,Tanworth-in-Arden
515,Aleshia,St. Stephens Ward
516,Evan,Abbey Ward
517,France,East Southbourne and Tuckton W
518,Ulysses,Hawerby cum Beesby
519,Tyisha,Greets Green and Lyng Ward
520,Eric,Desborough
521,Marg,Bargate Ward
522,Laquita,Chirton Ward
523,Lura,Staple Hill Ward
524,Yuette,Parwich
525,Fernanda,Wilmington
526,Charlesetta,Loundsley Green Ward
527,Corrinne,Dee Ward
528,Niesha,"Broxburn, Uphall and Winchburg"
529,Rueben,Weston-Super-Mare
530,Michell,Carbrooke
531,Edgar,New Milton
532,Dewitt,Parkham
533,Charisse,Darnall Ward
534,Mee,Marldon
535,Peter,Prestatyn Community
536,Octavio,Lye and Stourbridge North Ward
537,Martha,Warlingham
538,Tamesha,Newport
539,Tess,Chichester
540,Leonard,Steornabhagh a Deas Ward
541,Svetlana,South Ward
542,Pok,Newquay
543,Augustine,Brimpton
544,Karma,Shard End Ward
545,Reed,Letchworth South West Ward
546,German,Longhill Ward
547,Milly,Franche Ward
548,Luis,Whittington
549,Ciara,Cockerton West Ward
550,Alethea,Castle Ward
551,Margurite,Devizes
552,Vernice,Colnbrook with Poyle
553,Vicente,Aldridge Central and South War
554,Craig,East Putney Ward
555,Jenise,Sawston
556,Marylin,Wakefield North Ward
557,Marget,St. Enoder
558,Annett,Ryde
559,Kip,Laindon Park Ward
560,Melina,Lymington and Pennington
561,Tina,Aylesbury
562,Luisa,Burmantofts and Richmond Hill 
563,Pedro,Howard Town Ward
564,Carrol,Farnham
565,Alba,Beeston West Ward
566,Domonique,Wollaton West Ward
567,Rory,Llangeler Community
568,Dustin,Brockley Ward
569,Lyndia,Meads Ward
570,Jules,"Broxburn, Uphall and Winchburg"
571,Dong,St. Ive
572,Justine,Shard End Ward
573,Chantay,Norton Canes
574,Tequila,Bulwell Ward
575,Maybelle,Treorchy Community
576,Margarett,Maybury and Sheerwater Ward
577,Janessa,Westgate Ward
578,Sol,Conisbrough and Denaby Ward
579,Louann,Newbold and Brownsover Ward
580,Lindsay,Middlewich
581,Malika,St. Marys Ward
582,Stefany,Gresham Ward
583,Abraham,Aldborough Ward
584,Giuseppe,Royal Hospital Ward
585,Kiera,Woodstock Ward
586,Wendell,Dunblane and Bridge of Allan W
587,Stevie,Kempshott Ward
588,Yun,City and Hunslet Ward
589,Brittani,Ruckinge
590,Billy,Abbey Road Ward
591,Brynn,Prittlewell Ward
592,Elroy,Kirkby Stephen
593,Anisha,Eaton Park Ward
594,Bettina,Bishop Auckland
595,Velda,Falmouth
596,Marta,Malmesbury
597,Juan,West End Ward
598,Lelia,Town Ward
599,Una,Crompton Ward
600,Eva,Stroud
601,Mammie,Overton Ward
602,Jeannetta,Midway Ward
603,Elbert,Washington East Ward
604,Lenny,Walkergate Ward
605,Mira,Stratfield Mortimer
606,Cathern,Selston
607,Malcom,Govan Ward
608,Monroe,Millwall Ward
609,Leota,Sefton
610,Berry,Lancing
611,Meghan,St. Gluvias
612,Mike,Hilton
613,Elsa,Brooklands Ward
614,Linwood,Eccleston Ward
615,Latosha,St. Georges Hill Ward
616,Alexia,Launcells
617,Graham,Renfrew South & Gallowhill War
618,Elinore,Astley Bridge Ward
619,Lisbeth,Shiney Row Ward
620,Eloisa,Bintree
621,Shawana,Woodhall Farm Ward
622,Alyssa,Stanhope
623,Kyoko,North Tawton
624,Terry,Catterick
625,Sena,Kilmersdon
626,Cristen,Central Ward
627,Lashawn,Filwood Ward
628,Wade,Central Buchan Ward
629,Whitney,Smallbridge and Firgrove Ward
630,Deja,Lavenham
631,Earnestine,Saffron Walden
632,Frankie,Cilybebyll Community
633,Paola,Birchington
634,Rodrigo,Forth Ward
635,Luther,Belvedere Ward
636,Casey,Acton Central Ward
637,Ressie,Walton Ward
638,Sean,Caversham Ward
639,Celestina,Abingdon on Thames
640,Maira,Northgate Ward
641,Beth,Tynemouth Ward
642,Wei,Eccleshall
643,Melissia,Linlithgow Ward
644,Letha,Layton Ward
645,Isaac,Blackheath Westcombe Ward
646,Kristine,Moulsham and Central Ward
647,Odette,Great Dunmow
648,Hobert,Gweek
649,Isadora,Stretford Ward
650,Emily,Orsett Ward
651,Desire,Hatton
652,Rosalind,Barrowford
653,Vernell,Bellingham
654,Micheline,George St
655,Nathan,South Jesmond Ward
656,Allene,Barlow
657,Julie,St. Johns Ward
658,Francisca,Bodmin
659,Marisha,Knightsbridge and Belgravia Wa
660,Telma,Elgin City South Ward
661,Luke,Halstead
662,Hubert,Fawley
663,Janella,Hartshill
664,Angelo,Kensington and Fairfield Ward
665,Tran,West Bromwich Central Ward
666,Reynalda,Rowley Ward
667,Salley,Sutton Trinity Ward
668,Cheryll,Shepway South Ward
669,Crista,Everton Ward
670,Lino,Heaton Ward
671,Galen,Gillingham North Ward
672,Gilbert,Bangor Community
673,Whitney,Butterwick
674,Socorro,Deepdale Ward
675,Mauricio,Walney North Ward
676,Phillip,Scarcroft
677,Gilberto,Penryn
678,Thad,Tenterden
679,Bambi,Haverstock Ward
680,Marshall,Kilpatrick Ward
681,Chery,Astley Mosley Common Ward
682,Eileen,St. Peters Ward
683,Melita,Cyfarthfa Community
684,Ashley,Baguley Ward
685,Laila,Crawcrook and Greenside Ward
686,Bobbie,Southey Ward
687,Dana,Trossachs and Teith Ward
688,Freida,Chapel-en-le-Frith
689,Val,Kings Norton Ward
690,Horace,Mid and Upper Nithsdale Ward
691,Joana,Amersham
692,Tiara,North Heywood Ward
693,Dacia,Little Hereford
694,Myong,Canning Town North Ward
695,Gene,Springfield Ward
696,Kanisha,Bontnewydd Community
697,Ayesha,Sheviock
698,Lanie,Peterlee
699,Jaleesa,Shrub End Ward
700,Tamekia,Twickenham Riverside Ward
701,Ula,Coleshill
702,Rosendo,Crystal Palace Ward
703,Timmy,Bowes
704,Zita,Halliwell Ward
705,Aleisha,Wareham St. Martin
706,Naomi,Finedon
707,Aretha,Caerphilly Community
708,Mila,Old Newton with Dagworth
709,Orville,Crowle and Ealand
710,Gabriele,Milton Regis Ward
711,Kara,St. Michaels and Wicksteed War
712,Kenny,Howe of Fife and Tay Coast War
713,Vashti,Shipston on Stour
714,Jordan,Strood South Ward
715,Carisa,Newton-with-Clifton
716,Audrie,Llanelli Rural Community
717,Shaunna,Newington Ward
718,Coleen,Much Wenlock
719,Katie,Churchdown
720,Dannie,Werrington South Ward
721,Ashanti,Hollington Ward
722,Madalyn,Northfleet South Ward
723,Santos,Steyning
724,Alyce,Holbrook Ward
725,Pearly,Woodhouse Ward
726,Cherrie,Keighley
727,Maia,Deal
728,Edwin,Heanor and Loscoe
729,Leigha,North Horsham
730,Walker,Hickling
731,Nakita,Edmonton Green Ward
732,Kattie,Westbury
733,Lamar,Harefield Ward
734,Juliana,Moulsecoomb and Bevendean Ward
735,Chan,Horfield Ward
736,Delpha,Cleator Moor
737,Floyd,Penmaenmawr Community
738,Chantell,Parsons Green and Walham Ward
739,Martin,Cressington Ward
740,Hyun,Uckfield
741,Nada,Acton Trussell and Bednall
742,Elizabeth,Denwick
743,Dominic,Beaminster
744,Alise,Hereford
745,Flo,Loughborough Ashby Ward
746,Bonita,Wimbledon Park Ward
747,Royal,Hyde Werneth Ward
748,Erasmo,Darton West Ward
749,Mari,Rock
750,Eleonora,Soho Ward
751,Therese,Oakridge and Castlefield Ward
752,Rodolfo,Irvine East Ward
753,Cruz,Springfields and Trent Vale Wa
754,Arlyne,Fawley
755,Edward,Ise Lodge Ward
756,Christoper,Tatsfield
757,Melda,Kings Hill
758,Margot,Childs Hill Ward
759,Gerald,Little Ness
760,Tomoko,Goldsmid Ward
761,Mendy,Cherryfield Ward
762,Daryl,Wakefield East Ward
763,Ty,Nith Ward
764,King,Meads Ward
765,Isidra,Holywell Community
766,Tonja,Lamport
767,Shaquana,Chadderton Central Ward
768,Gilberto,Penge and Cator Ward
769,Rex,Warminster
770,Adolph,Redhill Ward
771,Queen,East Kilbride West Ward
772,Rebbecca,Tiffield
773,Ardella,Londesborough
774,Dallas,Whitchurch Urban
775,Vivan,Northgate Ward
776,Han,Ponteland
777,Emilio,Appleton Wiske
778,Latia,Barnham
779,Lilli,Deepdale Ward
780,Maryanne,Stutton with Hazlewood
781,Eliz,Holyrood Ward
782,Laura,East Sheen Ward
783,Leanora,Byker Ward
784,Sherell,Llangristiolus Community
785,Charlie,"Neilston, Uplawmoor and Newton"
786,Veronique,Central Buchan Ward
787,Antonio,Little Parndon and Hare Street
788,Louvenia,Read
789,Roxanne,Blantyre Ward
790,Eve,Kirk Hammerton
791,Kenda,Custom House Ward
792,Elden,Nonington
793,Kami,Foleshill Ward
794,Selene,West Wickham Ward
795,Deangelo,Woodham Ward
796,Olen,Wombourne
797,Lanie,Trowbridge
798,Lynna,St. Andrews Ward
799,Jody,Pinhoe Ward
800,Antonio,Gaer Community
801,Merilyn,Headley
802,Elliott,St. Margarets with St. Nichola
803,Leonie,Dunbar and East Linton Ward
804,Eulah,Bunhill Ward
805,Marsha,Chorlton Park Ward
806,Mignon,Edgeley and Cheadle Heath Ward
807,Tu,Cotham Ward
808,Adelle,Greenlands Ward
809,Douglass,Boothen and Oak Hill Ward
810,Evette,Stoneygate Ward
811,Geraldo,City and Hunslet Ward
812,Clarinda,Trelawnyd and Gwaenysgor Commu
813,Reuben,Cobham and Downside Ward
814,Yen,Leighton-Linslade
815,Tanja,Hetton
816,Jerlene,Hodge Hill Ward
817,Almeta,Loundsley Green Ward
818,Wilda,Little Clacton
819,Remedios,Aldbrough
820,Margret,Coatbridge South Ward
821,Denny,Redlands Ward
822,Carolynn,St. Helier Ward
823,Amina,Victoria Ward
824,Janna,Wheatley Ward
825,Emiko,Windlesham
826,In,Saint Annes on the Sea
827,Eleni,Sutton Vesey Ward
828,Kandis,Reydon
829,Kina,Ruddington
830,Jacki,Kingston Bagpuize with Southmo
831,Fallon,Manor Castle Ward
832,Precious,Shenley
833,Glory,Pontefract North Ward
834,Tamesha,Bellshill Ward
835,Brande,Rhoose Community
836,Olene,Grovehill Ward
837,Carey,Sharston Ward
838,Launa,Trossachs and Teith Ward
839,Dominga,Lobley Hill and Bensham Ward
840,Dwight,Tibberton
841,Cornell,Stretton
842,Alverta,Addlestone Bourneside Ward
843,Felicia,Chester-le-Street North and Ea
844,Carmen,Orford Ward
845,Ashlee,Brympton
846,Vannessa,Ashford Common Ward
847,Patti,Hove Park Ward
848,German,Clayton-le-Moors Ward
849,Anika,Harrow Weald Ward
850,Cristina,Temple Newsam Ward
851,Lemuel,Great Barr with Yew Tree Ward
852,Joaquin,Barnfield Ward
853,Kerrie,Calstock
854,Alaine,Little Missenden
855,Shannon,Tonge with the Haulgh Ward
856,Corinne,Berkhamsted
857,Heidy,Prestbury
858,Marylyn,East Finchley Ward
859,Maryln,Lancaster Gate Ward
860,Pearlie,Iwade
861,Nina,Calton Ward
862,Vivienne,Wilsden
863,Jacob,Llwyn-y-Pia Community
864,Tula,Clackmannanshire South Ward
865,Berry,Corporation Park Ward
866,Kaycee,Cirencester
867,Melvin,Franche Ward
868,Brianne,Mossend and Holytown Ward
869,Eugene,Heath Town Ward
870,Margery,Long Preston
871,Noel,Seaham
872,Beula,St. Austell
873,Sheridan,Aveton Gifford
874,Dino,Trotton with Chithurst
875,Rebbeca,Speke-Garston Ward
876,Celia,Leatherhead South Ward
877,Stefania,Kirkintilloch East and Twechar
878,Leah,Loughborough Hastings Ward
879,Billy,Alphington Ward
880,Doug,Woodford cum Membris
881,Veronica,Temple Newsam Ward
882,Laquanda,Billesley Ward
883,Mohammad,Milton Ward
884,Mozell,Mossley
885,Bronwyn,Dingwall and Seaforth Ward
886,Jeff,Central Ward
887,Shantay,Broomhill Ward
888,Chantay,Frimley Green Ward
889,Keneth,Littleborough Lakeside Ward
890,Alton,Girvan and South Carrick Ward
891,Patrick,Leigh-on-Sea
892,Theron,Wonersh
893,Pilar,Chichester
894,Lashunda,Stainburn
895,Verda,Earlestown Ward
896,Ashley,Blyth
897,Vesta,Upper Rawcliffe-with-Tarnacre
898,Emogene,Northwood Ward
899,Shayne,Shrewsbury
900,Franchesca,Empress Ward
901,Elmira,Halliwell Ward
902,Destiny,Hartburn Ward
903,Gaston,West Garioch Ward
904,Ronna,Roundway
905,Angelica,Castleford Central and Glassho
906,Casie,Melton Dorian Ward
907,Magdalene,Patching Hall Ward
908,Erasmo,Sunningdale
909,Rosalia,Castle Ward
910,Lyda,Leek
911,Lisandra,Churchill Ward
912,Sabina,Aspley Ward
913,Elenore,Callington
914,Brynn,Ravenshead
915,Leeann,Church Langley Ward
916,Janet,Midlothian West Ward
917,Lewis,Central Ward
918,Jestine,Grangemouth Ward
919,Tatum,Rhos-on-Sea Community
920,Kayleigh,Kingswells
921,Lili,Blyth
922,Sunshine,Warwick
923,Remona,Inverclyde South Ward
924,Gail,Hamilton South Ward
925,Dong,Kinross-shire Ward
926,Larue,Daybrook Ward
927,Goldie,Ravensthorpe Ward
928,Shelia,Silloth-on-Solway
929,Narcisa,Milton
930,Evelynn,Seaham
931,Arlean,Llantrisant Community
932,Tamra,Lansdown Ward
933,Dusti,Victoria Ward
934,Aracelis,Fowlmere
935,Filiberto,Audley Ward
936,Leana,Warham
937,Man,Mildmay Ward
938,Lennie,Radcliffe West Ward
939,Arletta,City and Hunslet Ward
940,Chana,Murdostoun Ward
941,Nell,Eastbrook Ward
942,Antonio,Ipplepen
943,Gerald,Stowting
944,Sueann,Werrington
945,Alayna,Banchory and Mid Deeside Ward
946,Talia,Westbury
947,Pansy,Madeley
948,Royce,Kincorth
949,Cherelle,Benwell and Scotswood Ward
950,Dudley,Woodhouse Ward
951,Nettie,Wheatley Ward
952,Carline,Rothwell Ward
953,Shanda,Markhouse Ward
954,Emilio,Stokenham
955,Lovetta,High Barnet Ward
956,Felice,Hexham
957,Stefania,Shorne
958,Margarita,Stannington Ward
959,Paul,Town Ward
960,Anglea,Astley Bridge Ward
961,Ona,Market Rasen
962,Germaine,Tadworth and Walton Ward
963,Vicky,Moreton Morrell
964,Carolann,Wombourne
965,Rusty,Launceston
966,Cassandra,Henllan Community
967,Teresita,Springfield Ward
968,Evangelina,Glastonbury
969,Marlon,West End Ward
970,Quiana,Thorpe Hamlet Ward
971,Viki,Yalding
972,Domitila,Moordown Ward
973,Ivan,Over Kellet
974,Anabel,Staina Ward
975,Carlton,Portobello
976,Rashida,Brixham
977,Sherron,Windle Ward
978,Cora,Newmarket
979,Altha,Rainham South Ward
980,Dortha,Gwersyllt Community
981,Diego,Walcot Ward
982,Peggy,Longford Ward
983,Walton,Yealmpton
984,Vallie,Shiphay-with-the-Willows Ward
985,Tony,Southam
986,Val,Almond Ward
987,Mel,Hylands Ward
988,Isabella,Dormers Wells Ward
989,Erasmo,Mortehoe
990,Ivory,Parr Ward
991,Nikita,Hucknall North Ward
992,Aleta,Kilbirnie and Beith Ward
993,Owen,Liscard Ward
994,Pauline,Seven Sisters Ward
995,Tijuana,Fareham South Ward
996,Ahmad,Sutton cum Duckmanton
997,Jamika,Whitley Ward
998,Derrick,Everton Ward
999,Jacquelyne,Shirley Ward
1000,Zachary,Holbrook
1001,Sophia,North East Ward
1002,Isabelle,Plymstock Dunstone Ward
1003,Ronnie,Batchwood Ward
1004,Krystina,Salvington Ward
1005,Rosita,Hailsham
1006,Huey,Park Ward
1007,Elbert,Ballochmyle Ward
1008,Pura,Priory Heath Ward
1009,Alesia,Farnworth Ward
1010,Avery,Knightsbridge and Belgravia Wa
1011,Reid,Inverness Ness-Side Ward
1012,Charlette,Darton West Ward
1013,Celestina,Consett North ED
1014,Mi,Tanworth-in-Arden
1015,Aleshia,St. Stephens Ward
1016,Evan,Abbey Ward
1017,France,East Southbourne and Tuckton W
1018,Ulysses,Hawerby cum Beesby
1019,Tyisha,Greets Green and Lyng Ward
1020,Eric,Desborough
1021,Marg,Bargate Ward
1022,Laquita,Chirton Ward
1023,Lura,Staple Hill Ward
1024,Yuette,Parwich
1025,Fernanda,Wilmington
1026,Charlesetta,Loundsley Green Ward
1027,Corrinne,Dee Ward
1028,Niesha,"Broxburn, Uphall and Winchburg"
1029,Rueben,Weston-Super-Mare
1030,Michell,Carbrooke
1031,Edgar,New Milton
1032,Dewitt,Parkham
1033,Charisse,Darnall Ward
1034,Mee,Marldon
1035,Peter,Prestatyn Community
1036,Octavio,Lye and Stourbridge North Ward
1037,Martha,Warlingham
1038,Tamesha,Newport
1039,Tess,Chichester
1040,Leonard,Steornabhagh a Deas Ward
1041,Svetlana,South Ward
1042,Pok,Newquay
1043,Augustine,Brimpton
1044,Karma,Shard End Ward
1045,Reed,Letchworth South West Ward
1046,German,Longhill Ward
1047,Milly,Franche Ward
1048,Luis,Whittington
1049,Ciara,Cockerton West Ward
1050,Alethea,Castle Ward
1051,Margurite,Devizes
1052,Vernice,Colnbrook with Poyle
1053,Vicente,Aldridge Central and South War
1054,Craig,East Putney Ward
1055,Jenise,Sawston
1056,Marylin,Wakefield North Ward
1057,Marget,St. Enoder
1058,Annett,Ryde
1059,Kip,Laindon Park Ward
1060,Melina,Lymington and Pennington
1061,Tina,Aylesbury
1062,Luisa,Burmantofts and Richmond Hill 
1063,Pedro,Howard Town Ward
1064,Carrol,Farnham
1065,Alba,Beeston West Ward
1066,Domonique,Wollaton West Ward
1067,Rory,Llangeler Community
1068,Dustin,Brockley Ward
1069,Lyndia,Meads Ward
1070,Jules,"Broxburn, Uphall and Winchburg"
1071,Dong,St. Ive
1072,Justine,Shard End Ward
1073,Chantay,Norton Canes
1074,Tequila,Bulwell Ward
1075,Maybelle,Treorchy Community
1076,Margarett,Maybury and Sheerwater Ward
1077,Janessa,Westgate Ward
1078,Sol,Conisbrough and Denaby Ward
1079,Louann,Newbold and Brownsover Ward
1080,Lindsay,Middlewich
1081,Malika,St. Marys Ward
1082,Stefany,Gresham Ward
1083,Abraham,Aldborough Ward
1084,Giuseppe,Royal Hospital Ward
1085,Kiera,Woodstock Ward
1086,Wendell,Dunblane and Bridge of Allan W
1087,Stevie,Kempshott Ward
1088,Yun,City and Hunslet Ward
1089,Brittani,Ruckinge
1090,Billy,Abbey Road Ward
1091,Brynn,Prittlewell Ward
1092,Elroy,Kirkby Stephen
1093,Anisha,Eaton Park Ward
1094,Bettina,Bishop Auckland
1095,Velda,Falmouth
1096,Marta,Malmesbury
1097,Juan,West End Ward
1098,Lelia,Town Ward
1099,Una,Crompton Ward
1100,Eva,Stroud
1101,Mammie,Overton Ward
1102,Jeannetta,Midway Ward
1103,Elbert,Washington East Ward
1104,Lenny,Walkergate Ward
1105,Mira,Stratfield Mortimer
1106,Cathern,Selston
1107,Malcom,Govan Ward
1108,Monroe,Millwall Ward
1109,Leota,Sefton
1110,Berry,Lancing
1111,Meghan,St. Gluvias
1112,Mike,Hilton
1113,Elsa,Brooklands Ward
1114,Linwood,Eccleston Ward
1115,Latosha,St. Georges Hill Ward
1116,Alexia,Launcells
1117,Graham,Renfrew South & Gallowhill War
1118,Elinore,Astley Bridge Ward
1119,Lisbeth,Shiney Row Ward
1120,Eloisa,Bintree
1121,Shawana,Woodhall Farm Ward
1122,Alyssa,Stanhope
1123,Kyoko,North Tawton
1124,Terry,Catterick
1125,Sena,Kilmersdon
1126,Cristen,Central Ward
1127,Lashawn,Filwood Ward
1128,Wade,Central Buchan Ward
1129,Whitney,Smallbridge and Firgrove Ward
1130,Deja,Lavenham
1131,Earnestine,Saffron Walden
1132,Frankie,Cilybebyll Community
1133,Paola,Birchington
1134,Rodrigo,Forth Ward
1135,Luther,Belvedere Ward
1136,Casey,Acton Central Ward
1137,Ressie,Walton Ward
1138,Sean,Caversham Ward
1139,Celestina,Abingdon on Thames
1140,Maira,Northgate Ward
1141,Beth,Tynemouth Ward
1142,Wei,Eccleshall
1143,Melissia,Linlithgow Ward
1144,Letha,Layton Ward
1145,Isaac,Blackheath Westcombe Ward
1146,Kristine,Moulsham and Central Ward
1147,Odette,Great Dunmow
1148,Hobert,Gweek
1149,Isadora,Stretford Ward
1150,Emily,Orsett Ward
1151,Desire,Hatton
1152,Rosalind,Barrowford
1153,Vernell,Bellingham
1154,Micheline,George St
1155,Nathan,South Jesmond Ward
1156,Allene,Barlow
1157,Julie,St. Johns Ward
1158,Francisca,Bodmin
1159,Marisha,Knightsbridge and Belgravia Wa
1160,Telma,Elgin City South Ward
1161,Luke,Halstead
1162,Hubert,Fawley
1163,Janella,Hartshill
1164,Angelo,Kensington and Fairfield Ward
1165,Tran,West Bromwich Central Ward
1166,Reynalda,Rowley Ward
1167,Salley,Sutton Trinity Ward
1168,Cheryll,Shepway South Ward
1169,Crista,Everton Ward
1170,Lino,Heaton Ward
1171,Galen,Gillingham North Ward
1172,Gilbert,Bangor Community
1173,Whitney,Butterwick
1174,Socorro,Deepdale Ward
1175,Mauricio,Walney North Ward
1176,Phillip,Scarcroft
1177,Gilberto,Penryn
1178,Thad,Tenterden
1179,Bambi,Haverstock Ward
1180,Marshall,Kilpatrick Ward
1181,Chery,Astley Mosley Common Ward
1182,Eileen,St. Peters Ward
1183,Melita,Cyfarthfa Community
1184,Ashley,Baguley Ward
1185,Laila,Crawcrook and Greenside Ward
1186,Bobbie,Southey Ward
1187,Dana,Trossachs and Teith Ward
1188,Freida,Chapel-en-le-Frith
1189,Val,Kings Norton Ward
1190,Horace,Mid and Upper Nithsdale Ward
1191,Joana,Amersham
1192,Tiara,North Heywood Ward
1193,Dacia,Little Hereford
1194,Myong,Canning Town North Ward
1195,Gene,Springfield Ward
1196,Kanisha,Bontnewydd Community
1197,Ayesha,Sheviock
1198,Lanie,Peterlee
1199,Jaleesa,Shrub End Ward
1200,Tamekia,Twickenham Riverside Ward
1201,Ula,Coleshill
1202,Rosendo,Crystal Palace Ward
1203,Timmy,Bowes
1204,Zita,Halliwell Ward
1205,Aleisha,Wareham St. Martin
1206,Naomi,Finedon
1207,Aretha,Caerphilly Community
1208,Mila,Old Newton with Dagworth
1209,Orville,Crowle and Ealand
1210,Gabriele,Milton Regis Ward
1211,Kara,St. Michaels and Wicksteed War
1212,Kenny,Howe of Fife and Tay Coast War
1213,Vashti,Shipston on Stour
1214,Jordan,Strood South Ward
1215,Carisa,Newton-with-Clifton
1216,Audrie,Llanelli Rural Community
1217,Shaunna,Newington Ward
1218,Coleen,Much Wenlock
1219,Katie,Churchdown
1220,Dannie,Werrington South Ward
1221,Ashanti,Hollington Ward
1222,Madalyn,Northfleet South Ward
1223,Santos,Steyning
1224,Alyce,Holbrook Ward
1225,Pearly,Woodhouse Ward
1226,Cherrie,Keighley
1227,Maia,Deal
1228,Edwin,Heanor and Loscoe
1229,Leigha,North Horsham
1230,Walker,Hickling
1231,Nakita,Edmonton Green Ward
1232,Kattie,Westbury
1233,Lamar,Harefield Ward
1234,Juliana,Moulsecoomb and Bevendean Ward
1235,Chan,Horfield Ward
1236,Delpha,Cleator Moor
1237,Floyd,Penmaenmawr Community
1238,Chantell,Parsons Green and Walham Ward
1239,Martin,Cressington Ward
1240,Hyun,Uckfield
1241,Nada,Acton Trussell and Bednall
1242,Elizabeth,Denwick
1243,Dominic,Beaminster
1244,Alise,Hereford
1245,Flo,Loughborough Ashby Ward
1246,Bonita,Wimbledon Park Ward
1247,Royal,Hyde Werneth Ward
1248,Erasmo,Darton West Ward
1249,Mari,Rock
1250,Eleonora,Soho Ward
1251,Therese,Oakridge and Castlefield Ward
1252,Rodolfo,Irvine East Ward
1253,Cruz,Springfields and Trent Vale Wa
1254,Arlyne,Fawley
1255,Edward,Ise Lodge Ward
1256,Christoper,Tatsfield
1257,Melda,Kings Hill
1258,Margot,Childs Hill Ward
1259,Gerald,Little Ness
1260,Tomoko,Goldsmid Ward
1261,Mendy,Cherryfield Ward
1262,Daryl,Wakefield East Ward
1263,Ty,Nith Ward
1264,King,Meads Ward
1265,Isidra,Holywell Community
1266,Tonja,Lamport
1267,Shaquana,Chadderton Central Ward
1268,Gilberto,Penge and Cator Ward
1269,Rex,Warminster
1270,Adolph,Redhill Ward
1271,Queen,East Kilbride West Ward
1272,Rebbecca,Tiffield
1273,Ardella,Londesborough
1274,Dallas,Whitchurch Urban
1275,Vivan,Northgate Ward
1276,Han,Ponteland
1277,Emilio,Appleton Wiske
1278,Latia,Barnham
1279,Lilli,Deepdale Ward
1280,Maryanne,Stutton with Hazlewood
1281,Eliz,Holyrood Ward
1282,Laura,East Sheen Ward
1283,Leanora,Byker Ward
1284,Sherell,Llangristiolus Community
1285,Charlie,"Neilston, Uplawmoor and Newton"
1286,Veronique,Central Buchan Ward
1287,Antonio,Little Parndon and Hare Street
1288,Louvenia,Read
1289,Roxanne,Blantyre Ward
1290,Eve,Kirk Hammerton
1291,Kenda,Custom House Ward
1292,Elden,Nonington
1293,Kami,Foleshill Ward
1294,Selene,West Wickham Ward
1295,Deangelo,Woodham Ward
1296,Olen,Wombourne
1297,Lanie,Trowbridge
1298,Lynna,St. Andrews Ward
1299,Jody,Pinhoe Ward
1300,Antonio,Gaer Community
1301,Merilyn,Headley
1302,Elliott,St. Margarets with St. Nichola
1303,Leonie,Dunbar and East Linton Ward
1304,Eulah,Bunhill Ward
1305,Marsha,Chorlton Park Ward
1306,Mignon,Edgeley and Cheadle Heath Ward
1307,Tu,Cotham Ward
1308,Adelle,Greenlands Ward
1309,Douglass,Boothen and Oak Hill Ward
1310,Evette,Stoneygate Ward
1311,Geraldo,City and Hunslet Ward
1312,Clarinda,Trelawnyd and Gwaenysgor Commu
1313,Reuben,Cobham and Downside Ward
1314,Yen,Leighton-Linslade
1315,Tanja,Hetton
1316,Jerlene,Hodge Hill Ward
1317,Almeta,Loundsley Green Ward
1318,Wilda,Little Clacton
1319,Remedios,Aldbrough
1320,Margret,Coatbridge South Ward
1321,Denny,Redlands Ward
1322,Carolynn,St. Helier Ward
1323,Amina,Victoria Ward
1324,Janna,Wheatley Ward
1325,Emiko,Windlesham
1326,In,Saint Annes on the Sea
1327,Eleni,Sutton Vesey Ward
1328,Kandis,Reydon
1329,Kina,Ruddington
1330,Jacki,Kingston Bagpuize with Southmo
1331,Fallon,Manor Castle Ward
1332,Precious,Shenley
1333,Glory,Pontefract North Ward
1334,Tamesha,Bellshill Ward
1335,Brande,Rhoose Community
1336,Olene,Grovehill Ward
1337,Carey,Sharston Ward
1338,Launa,Trossachs and Teith Ward
1339,Dominga,Lobley Hill and Bensham Ward
1340,Dwight,Tibberton
1341,Cornell,Stretton
1342,Alverta,Addlestone Bourneside Ward
1343,Felicia,Chester-le-Street North and Ea
1344,Carmen,Orford Ward
1345,Ashlee,Brympton
1346,Vannessa,Ashford Common Ward
1347,Patti,Hove Park Ward
1348,German,Clayton-le-Moors Ward
1349,Anika,Harrow Weald Ward
1350,Cristina,Temple Newsam Ward
1351,Lemuel,Great Barr with Yew Tree Ward
1352,Joaquin,Barnfield Ward
1353,Kerrie,Calstock
1354,Alaine,Little Missenden
1355,Shannon,Tonge with the Haulgh Ward
1356,Corinne,Berkhamsted
1357,Heidy,Prestbury
1358,Marylyn,East Finchley Ward
1359,Maryln,Lancaster Gate Ward
1360,Pearlie,Iwade
1361,Nina,Calton Ward
1362,Vivienne,Wilsden
1363,Jacob,Llwyn-y-Pia Community
1364,Tula,Clackmannanshire South Ward
1365,Berry,Corporation Park Ward
1366,Kaycee,Cirencester
1367,Melvin,Franche Ward
1368,Brianne,Mossend and Holytown Ward
1369,Eugene,Heath Town Ward
1370,Margery,Long Preston
1371,Noel,Seaham
1372,Beula,St. Austell
1373,Sheridan,Aveton Gifford
1374,Dino,Trotton with Chithurst
1375,Rebbeca,Speke-Garston Ward
1376,Celia,Leatherhead South Ward
1377,Stefania,Kirkintilloch East and Twechar
1378,Leah,Loughborough Hastings Ward
1379,Billy,Alphington Ward
1380,Doug,Woodford cum Membris
1381,Veronica,Temple Newsam Ward
1382,Laquanda,Billesley Ward
1383,Mohammad,Milton Ward
1384,Mozell,Mossley
1385,Bronwyn,Dingwall and Seaforth Ward
1386,Jeff,Central Ward
1387,Shantay,Broomhill Ward
1388,Chantay,Frimley Green Ward
1389,Keneth,Littleborough Lakeside Ward
1390,Alton,Girvan and South Carrick Ward
1391,Patrick,Leigh-on-Sea
1392,Theron,Wonersh
1393,Pilar,Chichester
1394,Lashunda,Stainburn
1395,Verda,Earlestown Ward
1396,Ashley,Blyth
1397,Vesta,Upper Rawcliffe-with-Tarnacre
1398,Emogene,Northwood Ward
1399,Shayne,Shrewsbury
1400,Franchesca,Empress Ward
1401,Elmira,Halliwell Ward
1402,Destiny,Hartburn Ward
1403,Gaston,West Garioch Ward
1404,Ronna,Roundway
1405,Angelica,Castleford Central and Glassho
1406,Casie,Melton Dorian Ward
1407,Magdalene,Patching Hall Ward
1408,Erasmo,Sunningdale
1409,Rosalia,Castle Ward
1410,Lyda,Leek
1411,Lisandra,Churchill Ward
1412,Sabina,Aspley Ward
1413,Elenore,Callington
1414,Brynn,Ravenshead
1415,Leeann,Church Langley Ward
1416,Janet,Midlothian West Ward
1417,Lewis,Central Ward
1418,Jestine,Grangemouth Ward
1419,Tatum,Rhos-on-Sea Community
1420,Kayleigh,Kingswells
1421,Lili,Blyth
1422,Sunshine,Warwick
1423,Remona,Inverclyde South Ward
1424,Gail,Hamilton South Ward
1425,Dong,Kinross-shire Ward
1426,Larue,Daybrook Ward
1427,Goldie,Ravensthorpe Ward
1428,Shelia,Silloth-on-Solway
1429,Narcisa,Milton
1430,Evelynn,Seaham
1431,Arlean,Llantrisant Community
1432,Tamra,Lansdown Ward
1433,Dusti,Victoria Ward
1434,Aracelis,Fowlmere
1435,Filiberto,Audley Ward
1436,Leana,Warham
1437,Man,Mildmay Ward
1438,Lennie,Radcliffe West Ward
1439,Arletta,City and Hunslet Ward
1440,Chana,Murdostoun Ward
1441,Nell,Eastbrook Ward
1442,Antonio,Ipplepen
1443,Gerald,Stowting
1444,Sueann,Werrington
1445,Alayna,Banchory and Mid Deeside Ward
1446,Talia,Westbury
1447,Pansy,Madeley
1448,Royce,Kincorth
1449,Cherelle,Benwell and Scotswood Ward
1450,Dudley,Woodhouse Ward
1451,Nettie,Wheatley Ward
1452,Carline,Rothwell Ward
1453,Shanda,Markhouse Ward
1454,Emilio,Stokenham
1455,Lovetta,High Barnet Ward
1456,Felice,Hexham
1457,Stefania,Shorne
1458,Margarita,Stannington Ward
1459,Paul,Town Ward
1460,Anglea,Astley Bridge Ward
1461,Ona,Market Rasen
1462,Germaine,Tadworth and Walton Ward
1463,Vicky,Moreton Morrell
1464,Carolann,Wombourne
1465,Rusty,Launceston
1466,Cassandra,Henllan Community
1467,Teresita,Springfield Ward
1468,Evangelina,Glastonbury
1469,Marlon,West End Ward
1470,Quiana,Thorpe Hamlet Ward
1471,Viki,Yalding
1472,Domitila,Moordown Ward
1473,Ivan,Over Kellet
1474,Anabel,Staina Ward
1475,Carlton,Portobello
1476,Rashida,Brixham
1477,Sherron,Windle Ward
1478,Cora,Newmarket
1479,Altha,Rainham South Ward
1480,Dortha,Gwersyllt Community
1481,Diego,Walcot Ward
1482,Peggy,Longford Ward
1483,Walton,Yealmpton
1484,Vallie,Shiphay-with-the-Willows Ward
1485,Tony,Southam
1486,Val,Almond Ward
1487,Mel,Hylands Ward
1488,Isabella,Dormers Wells Ward
1489,Erasmo,Mortehoe
1490,Ivory,Parr Ward
1491,Nikita,Hucknall North Ward
1492,Aleta,Kilbirnie and Beith Ward
1493,Owen,Liscard Ward
1494,Pauline,Seven Sisters Ward
1495,Tijuana,Fareham South Ward
1496,Ahmad,Sutton cum Duckmanton
1497,Jamika,Whitley Ward
1498,Derrick,Everton Ward
1499,Jacquelyne,Shirley Ward
1500,Zachary,Holbrook
1501,Sophia,North East Ward
1502,Isabelle,Plymstock Dunstone Ward
1503,Ronnie,Batchwood Ward
1504,Krystina,Salvington Ward
1505,Rosita,Hailsham
1506,Huey,Park Ward
1507,Elbert,Ballochmyle Ward
1508,Pura,Priory Heath Ward
1509,Alesia,Farnworth Ward
1510,Avery,Knightsbridge and Belgravia Wa
1511,Reid,Inverness Ness-Side Ward
1512,Charlette,Darton West Ward
1513,Celestina,Consett North ED
1514,Mi,Tanworth-in-Arden
1515,Aleshia,St. Stephens Ward
1516,Evan,Abbey Ward
1517,France,East Southbourne and Tuckton W
1518,Ulysses,Hawerby cum Beesby
1519,Tyisha,Greets Green and Lyng Ward
1520,Eric,Desborough
1521,Marg,Bargate Ward
1522,Laquita,Chirton Ward
1523,Lura,Staple Hill Ward
1524,Yuette,Parwich
1525,Fernanda,Wilmington
1526,Charlesetta,Loundsley Green Ward
1527,Corrinne,Dee Ward
1528,Niesha,"Broxburn, Uphall and Winchburg"
1529,Rueben,Weston-Super-Mare
1530,Michell,Carbrooke
1531,Edgar,New Milton
1532,Dewitt,Parkham
1533,Charisse,Darnall Ward
1534,Mee,Marldon
1535,Peter,Prestatyn Community
1536,Octavio,Lye and Stourbridge North Ward
1537,Martha,Warlingham
1538,Tamesha,Newport
1539,Tess,Chichester
1540,Leonard,Steornabhagh a Deas Ward
1541,Svetlana,South Ward
1542,Pok,Newquay
1543,Augustine,Brimpton
1544,Karma,Shard End Ward
1545,Reed,Letchworth South West Ward
1546,German,Longhill Ward
1547,Milly,Franche Ward
1548,Luis,Whittington
1549,Ciara,Cockerton West Ward
1550,Alethea,Castle Ward
1551,Margurite,Devizes
1552,Vernice,Colnbrook with Poyle
1553,Vicente,Aldridge Central and South War
1554,Craig,East Putney Ward
1555,Jenise,Sawston
1556,Marylin,Wakefield North Ward
1557,Marget,St. Enoder
1558,Annett,Ryde
1559,Kip,Laindon Park Ward
1560,Melina,Lymington and Pennington
1561,Tina,Aylesbury
1562,Luisa,Burmantofts and Richmond Hill 
1563,Pedro,Howard Town Ward
1564,Carrol,Farnham
1565,Alba,Beeston West Ward
1566,Domonique,Wollaton West Ward
1567,Rory,Llangeler Community
1568,Dustin,Brockley Ward
1569,Lyndia,Meads Ward
1570,Jules,"Broxburn, Uphall and Winchburg"
1571,Dong,St. Ive
1572,Justine,Shard End Ward
1573,Chantay,Norton Canes
1574,Tequila,Bulwell Ward
1575,Maybelle,Treorchy Community
1576,Margarett,Maybury and Sheerwater Ward
1577,Janessa,Westgate Ward
1578,Sol,Conisbrough and Denaby Ward
1579,Louann,Newbold and Brownsover Ward
1580,Lindsay,Middlewich
1581,Malika,St. Marys Ward
1582,Stefany,Gresham Ward
1583,Abraham,Aldborough Ward
1584,Giuseppe,Royal Hospital Ward
1585,Kiera,Woodstock Ward
1586,Wendell,Dunblane and Bridge of Allan W
1587,Stevie,Kempshott Ward
1588,Yun,City and Hunslet Ward
1589,Brittani,Ruckinge
1590,Billy,Abbey Road Ward
1591,Brynn,Prittlewell Ward
1592,Elroy,Kirkby Stephen
1593,Anisha,Eaton Park Ward
1594,Bettina,Bishop Auckland
1595,Velda,Falmouth
1596,Marta,Malmesbury
1597,Juan,West End Ward
1598,Lelia,Town Ward
1599,Una,Crompton Ward
1600,Eva,Stroud
1601,Mammie,Overton Ward
1602,Jeannetta,Midway Ward
1603,Elbert,Washington East Ward
1604,Lenny,Walkergate Ward
1605,Mira,Stratfield Mortimer
1606,Cathern,Selston
1607,Malcom,Govan Ward
1608,Monroe,Millwall Ward
1609,Leota,Sefton
1610,Berry,Lancing
1611,Meghan,St. Gluvias
1612,Mike,Hilton
1613,Elsa,Brooklands Ward
1614,Linwood,Eccleston Ward
1615,Latosha,St. Georges Hill Ward
1616,Alexia,Launcells
1617,Graham,Renfrew South & Gallowhill War
1618,Elinore,Astley Bridge Ward
1619,Lisbeth,Shiney Row Ward
1620,Eloisa,Bintree
1621,Shawana,Woodhall Farm Ward
1622,Alyssa,Stanhope
1623,Kyoko,North Tawton
1624,Terry,Catterick
1625,Sena,Kilmersdon
1626,Cristen,Central Ward
1627,Lashawn,Filwood Ward
1628,Wade,Central Buchan Ward
1629,Whitney,Smallbridge and Firgrove Ward
1630,Deja,Lavenham
1631,Earnestine,Saffron Walden
1632,Frankie,Cilybebyll Community
1633,Paola,Birchington
1634,Rodrigo,Forth Ward
1635,Luther,Belvedere Ward
1636,Casey,Acton Central Ward
1637,Ressie,Walton Ward
1638,Sean,Caversham Ward
1639,Celestina,Abingdon on Thames
1640,Maira,Northgate Ward
1641,Beth,Tynemouth Ward
1642,Wei,Eccleshall
1643,Melissia,Linlithgow Ward
1644,Letha,Layton Ward
1645,Isaac,Blackheath Westcombe Ward
1646,Kristine,Moulsham and Central Ward
1647,Odette,Great Dunmow
1648,Hobert,Gweek
1649,Isadora,Stretford Ward
1650,Emily,Orsett Ward
1651,Desire,Hatton
1652,Rosalind,Barrowford
1653,Vernell,Bellingham
1654,Micheline,George St
1655,Nathan,South Jesmond Ward
1656,Allene,Barlow
1657,Julie,St. Johns Ward
1658,Francisca,Bodmin
1659,Marisha,Knightsbridge and Belgravia Wa
1660,Telma,Elgin City South Ward
1661,Luke,Halstead
1662,Hubert,Fawley
1663,Janella,Hartshill
1664,Angelo,Kensington and Fairfield Ward
1665,Tran,West Bromwich Central Ward
1666,Reynalda,Rowley Ward
1667,Salley,Sutton Trinity Ward
1668,Cheryll,Shepway South Ward
1669,Crista,Everton Ward
1670,Lino,Heaton Ward
1671,Galen,Gillingham North Ward
1672,Gilbert,Bangor Community
1673,Whitney,Butterwick
1674,Socorro,Deepdale Ward
1675,Mauricio,Walney North Ward
1676,Phillip,Scarcroft
1677,Gilberto,Penryn
1678,Thad,Tenterden
1679,Bambi,Haverstock Ward
1680,Marshall,Kilpatrick Ward
1681,Chery,Astley Mosley Common Ward
1682,Eileen,St. Peters Ward
1683,Melita,Cyfarthfa Community
1684,Ashley,Baguley Ward
1685,Laila,Crawcrook and Greenside Ward
1686,Bobbie,Southey Ward
1687,Dana,Trossachs and Teith Ward
1688,Freida,Chapel-en-le-Frith
1689,Val,Kings Norton Ward
1690,Horace,Mid and Upper Nithsdale Ward
1691,Joana,Amersham
1692,Tiara,North Heywood Ward
1693,Dacia,Little Hereford
1694,Myong,Canning Town North Ward
1695,Gene,Springfield Ward
1696,Kanisha,Bontnewydd Community
1697,Ayesha,Sheviock
1698,Lanie,Peterlee
1699,Jaleesa,Shrub End Ward
1700,Tamekia,Twickenham Riverside Ward
1701,Ula,Coleshill
1702,Rosendo,Crystal Palace Ward
1703,Timmy,Bowes
1704,Zita,Halliwell Ward
1705,Aleisha,Wareham St. Martin
1706,Naomi,Finedon
1707,Aretha,Caerphilly Community
1708,Mila,Old Newton with Dagworth
1709,Orville,Crowle and Ealand
1710,Gabriele,Milton Regis Ward
1711,Kara,St. Michaels and Wicksteed War
1712,Kenny,Howe of Fife and Tay Coast War
1713,Vashti,Shipston on Stour
1714,Jordan,Strood South Ward
1715,Carisa,Newton-with-Clifton
1716,Audrie,Llanelli Rural Community
1717,Shaunna,Newington Ward
1718,Coleen,Much Wenlock
1719,Katie,Churchdown
1720,Dannie,Werrington South Ward
1721,Ashanti,Hollington Ward
1722,Madalyn,Northfleet South Ward
1723,Santos,Steyning
1724,Alyce,Holbrook Ward
1725,Pearly,Woodhouse Ward
1726,Cherrie,Keighley
1727,Maia,Deal
1728,Edwin,Heanor and Loscoe
1729,Leigha,North Horsham
1730,Walker,Hickling
1731,Nakita,Edmonton Green Ward
1732,Kattie,Westbury
1733,Lamar,Harefield Ward
1734,Juliana,Moulsecoomb and Bevendean Ward
1735,Chan,Horfield Ward
1736,Delpha,Cleator Moor
1737,Floyd,Penmaenmawr Community
1738,Chantell,Parsons Green and Walham Ward
1739,Martin,Cressington Ward
1740,Hyun,Uckfield
1741,Nada,Acton Trussell and Bednall
1742,Elizabeth,Denwick
1743,Dominic,Beaminster
1744,Alise,Hereford
1745,Flo,Loughborough Ashby Ward
1746,Bonita,Wimbledon Park Ward
1747,Royal,Hyde Werneth Ward
1748,Erasmo,Darton West Ward
1749,Mari,Rock
1750,Eleonora,Soho Ward
1751,Therese,Oakridge and Castlefield Ward
1752,Rodolfo,Irvine East Ward
1753,Cruz,Springfields and Trent Vale Wa
1754,Arlyne,Fawley
1755,Edward,Ise Lodge Ward
1756,Christoper,Tatsfield
1757,Melda,Kings Hill
1758,Margot,Childs Hill Ward
1759,Gerald,Little Ness
1760,Tomoko,Goldsmid Ward
1761,Mendy,Cherryfield Ward
1762,Daryl,Wakefield East Ward
1763,Ty,Nith Ward
1764,King,Meads Ward
1765,Isidra,Holywell Community
1766,Tonja,Lamport
1767,Shaquana,Chadderton Central Ward
1768,Gilberto,Penge and Cator Ward
1769,Rex,Warminster
1770,Adolph,Redhill Ward
1771,Queen,East Kilbride West Ward
1772,Rebbecca,Tiffield
1773,Ardella,Londesborough
1774,Dallas,Whitchurch Urban
1775,Vivan,Northgate Ward
1776,Han,Ponteland
1777,Emilio,Appleton Wiske
1778,Latia,Barnham
1779,Lilli,Deepdale Ward
1780,Maryanne,Stutton with Hazlewood
1781,Eliz,Holyrood Ward
1782,Laura,East Sheen Ward
1783,Leanora,Byker Ward
1784,Sherell,Llangristiolus Community
1785,Charlie,"Neilston, Uplawmoor and Newton"
1786,Veronique,Central Buchan Ward
1787,Antonio,Little Parndon and Hare Street
1788,Louvenia,Read
1789,Roxanne,Blantyre Ward
1790,Eve,Kirk Hammerton
1791,Kenda,Custom House Ward
1792,Elden,Nonington
1793,Kami,Foleshill Ward
1794,Selene,West Wickham Ward
1795,Deangelo,Woodham Ward
1796,Olen,Wombourne
1797,Lanie,Trowbridge
1798,Lynna,St. Andrews Ward
1799,Jody,Pinhoe Ward
1800,Antonio,Gaer Community
1801,Merilyn,Headley
1802,Elliott,St. Margarets with St. Nichola
1803,Leonie,Dunbar and East Linton Ward
1804,Eulah,Bunhill Ward
1805,Marsha,Chorlton Park Ward
1806,Mignon,Edgeley and Cheadle Heath Ward
1807,Tu,Cotham Ward
1808,Adelle,Greenlands Ward
1809,Douglass,Boothen and Oak Hill Ward
1810,Evette,Stoneygate Ward
1811,Geraldo,City and Hunslet Ward
1812,Clarinda,Trelawnyd and Gwaenysgor Commu
1813,Reuben,Cobham and Downside Ward
1814,Yen,Leighton-Linslade
1815,Tanja,Hetton
1816,Jerlene,Hodge Hill Ward
1817,Almeta,Loundsley Green Ward
1818,Wilda,Little Clacton
1819,Remedios,Aldbrough
1820,Margret,Coatbridge South Ward
1821,Denny,Redlands Ward
1822,Carolynn,St. Helier Ward
1823,Amina,Victoria Ward
1824,Janna,Wheatley Ward
1825,Emiko,Windlesham
1826,In,Saint Annes on the Sea
1827,Eleni,Sutton Vesey Ward
1828,Kandis,Reydon
1829,Kina,Ruddington
1830,Jacki,Kingston Bagpuize with Southmo
1831,Fallon,Manor Castle Ward
1832,Precious,Shenley
1833,Glory,Pontefract North Ward
1834,Tamesha,Bellshill Ward
1835,Brande,Rhoose Community
1836,Olene,Grovehill Ward
1837,Carey,Sharston Ward
1838,Launa,Trossachs and Teith Ward
1839,Dominga,Lobley Hill and Bensham Ward
1840,Dwight,Tibberton
1841,Cornell,Stretton
1842,Alverta,Addlestone Bourneside Ward
1843,Felicia,Chester-le-Street North and Ea
1844,Carmen,Orford Ward
1845,Ashlee,Brympton
1846,Vannessa,Ashford Common Ward
1847,Patti,Hove Park Ward
1848,German,Clayton-le-Moors Ward
1849,Anika,Harrow Weald Ward
1850,Cristina,Temple Newsam Ward
1851,Lemuel,Great Barr with Yew Tree Ward
1852,Joaquin,Barnfield Ward
1853,Kerrie,Calstock
1854,Alaine,Little Missenden
1855,Shannon,Tonge with the Haulgh Ward
1856,Corinne,Berkhamsted
1857,Heidy,Prestbury
1858,Marylyn,East Finchley Ward
1859,Maryln,Lancaster Gate Ward
1860,Pearlie,Iwade
1861,Nina,Calton Ward
1862,Vivienne,Wilsden
1863,Jacob,Llwyn-y-Pia Community
1864,Tula,Clackmannanshire South Ward
1865,Berry,Corporation Park Ward
1866,Kaycee,Cirencester
1867,Melvin,Franche Ward
1868,Brianne,Mossend and Holytown Ward
1869,Eugene,Heath Town Ward
1870,Margery,Long Preston
1871,Noel,Seaham
1872,Beula,St. Austell
1873,Sheridan,Aveton Gifford
1874,Dino,Trotton with Chithurst
1875,Rebbeca,Speke-Garston Ward
1876,Celia,Leatherhead South Ward
1877,Stefania,Kirkintilloch East and Twechar
1878,Leah,Loughborough Hastings Ward
1879,Billy,Alphington Ward
1880,Doug,Woodford cum Membris
1881,Veronica,Temple Newsam Ward
1882,Laquanda,Billesley Ward
1883,Mohammad,Milton Ward
1884,Mozell,Mossley
1885,Bronwyn,Dingwall and Seaforth Ward
1886,Jeff,Central Ward
1887,Shantay,Broomhill Ward
1888,Chantay,Frimley Green Ward
1889,Keneth,Littleborough Lakeside Ward
1890,Alton,Girvan and South Carrick Ward
1891,Patrick,Leigh-on-Sea
1892,Theron,Wonersh
1893,Pilar,Chichester
1894,Lashunda,Stainburn
1895,Verda,Earlestown Ward
1896,Ashley,Blyth
1897,Vesta,Upper Rawcliffe-with-Tarnacre
1898,Emogene,Northwood Ward
1899,Shayne,Shrewsbury
1900,Franchesca,Empress Ward
1901,Elmira,Halliwell Ward
1902,Destiny,Hartburn Ward
1903,Gaston,West Garioch Ward
1904,Ronna,Roundway
1905,Angelica,Castleford Central and Glassho
1906,Casie,Melton Dorian Ward
1907,Magdalene,Patching Hall Ward
1908,Erasmo,Sunningdale
1909,Rosalia,Castle Ward
1910,Lyda,Leek
1911,Lisandra,Churchill Ward
1912,Sabina,Aspley Ward
1913,Elenore,Callington
1914,Brynn,Ravenshead
1915,Leeann,Church Langley Ward
1916,Janet,Midlothian West Ward
1917,Lewis,Central Ward
1918,Jestine,Grangemouth Ward
1919,Tatum,Rhos-on-Sea Community
1920,Kayleigh,Kingswells
1921,Lili,Blyth
1922,Sunshine,Warwick
1923,Remona,Inverclyde South Ward
1924,Gail,Hamilton South Ward
1925,Dong,Kinross-shire Ward
1926,Larue,Daybrook Ward
1927,Goldie,Ravensthorpe Ward
1928,Shelia,Silloth-on-Solway
1929,Narcisa,Milton
1930,Evelynn,Seaham
1931,Arlean,Llantrisant Community
1932,Tamra,Lansdown Ward
1933,Dusti,Victoria Ward
1934,Aracelis,Fowlmere
1935,Filiberto,Audley Ward
1936,Leana,Warham
1937,Man,Mildmay Ward
1938,Lennie,Radcliffe West Ward
1939,Arletta,City and Hunslet Ward
1940,Chana,Murdostoun Ward
1941,Nell,Eastbrook Ward
1942,Antonio,Ipplepen
1943,Gerald,Stowting
1944,Sueann,Werrington
1945,Alayna,Banchory and Mid Deeside Ward
1946,Talia,Westbury
1947,Pansy,Madeley
1948,Royce,Kincorth
1949,Cherelle,Benwell and Scotswood Ward
1950,Dudley,Woodhouse Ward
1951,Nettie,Wheatley Ward
1952,Carline,Rothwell Ward
1953,Shanda,Markhouse Ward
1954,Emilio,Stokenham
1955,Lovetta,High Barnet Ward
1956,Felice,Hexham
1957,Stefania,Shorne
1958,Margarita,Stannington Ward
1959,Paul,Town Ward
1960,Anglea,Astley Bridge Ward
1961,Ona,Market Rasen
1962,Germaine,Tadworth and Walton Ward
1963,Vicky,Moreton Morrell
1964,Carolann,Wombourne
1965,Rusty,Launceston
1966,Cassandra,Henllan Community
1967,Teresita,Springfield Ward
1968,Evangelina,Glastonbury
1969,Marlon,West End Ward
1970,Quiana,Thorpe Hamlet Ward
1971,Viki,Yalding
1972,Domitila,Moordown Ward
1973,Ivan,Over Kellet
1974,Anabel,Staina Ward
1975,Carlton,Portobello
1976,Rashida,Brixham
1977,Sherron,Windle Ward
1978,Cora,Newmarket
1979,Altha,Rainham South Ward
1980,Dortha,Gwersyllt Community
1981,Diego,Walcot Ward
1982,Peggy,Longford Ward
1983,Walton,Yealmpton
1984,Vallie,Shiphay-with-the-Willows Ward
1985,Tony,Southam
1986,Val,Almond Ward
1987,Mel,Hylands Ward
1988,Isabella,Dormers Wells Ward
1989,Erasmo,Mortehoe
1990,Ivory,Parr Ward
1991,Nikita,Hucknall North Ward
1992,Aleta,Kilbirnie and Beith Ward
1993,Owen,Liscard Ward
1994,Pauline,Seven Sisters Ward
1995,Tijuana,Fareham South Ward
1996,Ahmad,Sutton cum Duckmanton
1997,Jamika,Whitley Ward
1998,Derrick,Everton Ward
1999,Jacquelyne,Shirley Ward
2000,Zachary,Holbrook
2001,Sophia,North East Ward
2002,Isabelle,Plymstock Dunstone Ward
2003,Ronnie,Batchwood Ward
2004,Krystina,Salvington Ward
2005,Rosita,Hailsham
2006,Huey,Park Ward
2007,Elbert,Ballochmyle Ward
2008,Pura,Priory Heath Ward
2009,Alesia,Farnworth Ward
2010,Avery,Knightsbridge and Belgravia Wa
2011,Reid,Inverness Ness-Side Ward
2012,Charlette,Darton West Ward
2013,Celestina,Consett North ED
2014,Mi,Tanworth-in-Arden
